{
  "title": "Untitled Diagram",
  "tables": [
    {
      "id": "j-oTBn3iFnZGcobFn08n_",
      "name": "CAD_USUARIO",
      "x": -576,
      "y": -491,
      "locked": false,
      "fields": [
        {
          "name": "ID_USUARIO",
          "type": "INTEGER",
          "default": "",
          "check": "",
          "primary": true,
          "unique": true,
          "notNull": true,
          "increment": true,
          "comment": "",
          "id": "NdDf0X7rPec74DPwr3WgP"
        },
        {
          "id": "d1u9Z0UlMJzDQQ8CvXKmX",
          "name": "USU_NOME",
          "type": "VARCHAR",
          "default": "",
          "check": "",
          "primary": false,
          "unique": false,
          "notNull": false,
          "increment": false,
          "comment": "",
          "size": 200
        },
        {
          "id": "gy7wOGza-PRm3iFcrVbIF",
          "name": "USU_STATUS",
          "type": "CHAR",
          "default": "",
          "check": "",
          "primary": false,
          "unique": false,
          "notNull": false,
          "increment": false,
          "comment": "",
          "size": 1
        },
        {
          "id": "F2miK5c6I8sKDmIXGTU-m",
          "name": "USU_DATACAD",
          "type": "DATE",
          "default": "",
          "check": "",
          "primary": false,
          "unique": false,
          "notNull": false,
          "increment": false,
          "comment": "",
          "size": "",
          "values": []
        },
        {
          "id": "emBzmUgg4Twgtt0gUi6oA",
          "name": "USU_EMAIL",
          "type": "VARCHAR",
          "default": "",
          "check": "",
          "primary": false,
          "unique": false,
          "notNull": false,
          "increment": false,
          "comment": "",
          "size": 255
        },
        {
          "id": "DLeSRO4Szp5roES1dRvZo",
          "name": "USU_SENHA",
          "type": "VARCHAR",
          "default": "",
          "check": "",
          "primary": false,
          "unique": false,
          "notNull": false,
          "increment": false,
          "comment": "",
          "size": 255
        },
        {
          "id": "R30pekE2bGLhipu0I1YeT",
          "name": "REGISTRO_STATUS",
          "type": "CHAR",
          "default": "",
          "check": "",
          "primary": false,
          "unique": false,
          "notNull": false,
          "increment": false,
          "comment": "",
          "size": 1
        }
      ],
      "comment": "",
      "indices": [],
      "color": "#175e7a"
    },
    {
      "id": "awzBN0JpZ_KJQ-4QW8CXW",
      "name": "CAD_CLIENTE",
      "x": -295,
      "y": -493,
      "locked": false,
      "fields": [
        {
          "name": "ID_CLIENTE",
          "type": "INTEGER",
          "default": "",
          "check": "",
          "primary": true,
          "unique": true,
          "notNull": true,
          "increment": true,
          "comment": "",
          "id": "rLUzuxeBkTM3ahicgtv0D"
        },
        {
          "id": "8iP-e6VW7Pqe0uII7NkMM",
          "name": "CLI_CEP",
          "type": "VARCHAR",
          "default": "",
          "check": "",
          "primary": false,
          "unique": false,
          "notNull": false,
          "increment": false,
          "comment": "",
          "size": 10
        },
        {
          "id": "_guXEaTQmlzfzG3KZ12-p",
          "name": "CLI_NOME",
          "type": "VARCHAR",
          "default": "",
          "check": "",
          "primary": false,
          "unique": false,
          "notNull": false,
          "increment": false,
          "comment": "",
          "size": 150
        },
        {
          "id": "5bBEibKbmyU7UiVmUMnM4",
          "name": "CLI_CPF",
          "type": "VARCHAR",
          "default": "",
          "check": "",
          "primary": false,
          "unique": false,
          "notNull": false,
          "increment": false,
          "comment": "",
          "size": 14
        },
        {
          "id": "kf9bobEXssd2bogUrZIhO",
          "name": "CLI_STATUS",
          "type": "CHAR",
          "default": "",
          "check": "",
          "primary": false,
          "unique": false,
          "notNull": false,
          "increment": false,
          "comment": "",
          "size": 1
        },
        {
          "id": "HtuYCv_2uDcJrF_phTlfj",
          "name": "CLI_DATACAD",
          "type": "DATE",
          "default": "",
          "check": "",
          "primary": false,
          "unique": false,
          "notNull": false,
          "increment": false,
          "comment": "",
          "size": "",
          "values": []
        },
        {
          "id": "_IgGqbmjj2-KYBi2bXOVD",
          "name": "CLI_ENDERECO",
          "type": "VARCHAR",
          "default": "",
          "check": "",
          "primary": false,
          "unique": false,
          "notNull": false,
          "increment": false,
          "comment": "",
          "size": 200
        },
        {
          "id": "mQ16IUERv1LHBZZ05nf2-",
          "name": "CLI_NUMERO",
          "type": "VARCHAR",
          "default": "",
          "check": "",
          "primary": false,
          "unique": false,
          "notNull": false,
          "increment": false,
          "comment": "",
          "size": 20
        },
        {
          "id": "lcqK0E9DMEjt8D7y3EKXd",
          "name": "CLI_COMPLEMENTO",
          "type": "VARCHAR",
          "default": "",
          "check": "",
          "primary": false,
          "unique": false,
          "notNull": false,
          "increment": false,
          "comment": "",
          "size": 40
        },
        {
          "id": "seag1ds3IcqjhDCUSPU7k",
          "name": "CLI_BAIRRO",
          "type": "VARCHAR",
          "default": "",
          "check": "",
          "primary": false,
          "unique": false,
          "notNull": false,
          "increment": false,
          "comment": "",
          "size": 80
        },
        {
          "id": "baDA1C-LChY6k-rOx4aPg",
          "name": "CLI_CIDADE",
          "type": "VARCHAR",
          "default": "",
          "check": "",
          "primary": false,
          "unique": false,
          "notNull": false,
          "increment": false,
          "comment": "",
          "size": 50
        },
        {
          "id": "4WuPE1kQRRi6ccGcc3lZI",
          "name": "CLI_UF",
          "type": "CHAR",
          "default": "",
          "check": "",
          "primary": false,
          "unique": false,
          "notNull": false,
          "increment": false,
          "comment": "",
          "size": 2
        },
        {
          "id": "5kG9bOa9AYOAOI5TRt2ts",
          "name": "CLI_TELEFONE",
          "type": "VARCHAR",
          "default": "",
          "check": "",
          "primary": false,
          "unique": false,
          "notNull": false,
          "increment": false,
          "comment": "",
          "size": 15
        },
        {
          "id": "LFRvvUgAZ6aPWJ9d94I4D",
          "name": "CLI_TELEFONE2",
          "type": "VARCHAR",
          "default": "",
          "check": "",
          "primary": false,
          "unique": false,
          "notNull": false,
          "increment": false,
          "comment": "",
          "size": 15
        },
        {
          "id": "uiozUYeWjNy51Wl6sbW41",
          "name": "REGISTRO_STATUS",
          "type": "CHAR",
          "default": "",
          "check": "",
          "primary": false,
          "unique": false,
          "notNull": false,
          "increment": false,
          "comment": "",
          "size": 1
        }
      ],
      "comment": "",
      "indices": [],
      "color": "#175e7a"
    },
    {
      "id": "3n2uKCa-8awGDxDdok-ef",
      "name": "CAD_CATEGORIA",
      "x": -12,
      "y": -493,
      "locked": false,
      "fields": [
        {
          "name": "ID_CATEGORIA",
          "type": "INTEGER",
          "default": "",
          "check": "",
          "primary": true,
          "unique": true,
          "notNull": true,
          "increment": true,
          "comment": "",
          "id": "gD28ClBQel5DqhAysSu_p"
        },
        {
          "id": "H77yAPxbQTITTmlBt3k6U",
          "name": "CAT_DESCRICAO",
          "type": "VARCHAR",
          "default": "",
          "check": "",
          "primary": false,
          "unique": false,
          "notNull": false,
          "increment": false,
          "comment": "",
          "size": 50
        },
        {
          "id": "Q8lSSOlhzpSZkaCxgE1-r",
          "name": "CAT_STATUS",
          "type": "CHAR",
          "default": "",
          "check": "",
          "primary": false,
          "unique": false,
          "notNull": false,
          "increment": false,
          "comment": "",
          "size": 1
        },
        {
          "id": "JexoxwWwcuKWjpJsbLm_4",
          "name": "REGISTRO_STATUS",
          "type": "CHAR",
          "default": "",
          "check": "",
          "primary": false,
          "unique": false,
          "notNull": false,
          "increment": false,
          "comment": "",
          "size": 1
        }
      ],
      "comment": "",
      "indices": [],
      "color": "#175e7a"
    },
    {
      "id": "jFoMNLhRkJqjA9wqf17ZP",
      "name": "CAD_ITEM",
      "x": 251,
      "y": -491,
      "locked": false,
      "fields": [
        {
          "name": "ID_ITEM",
          "type": "INTEGER",
          "default": "",
          "check": "",
          "primary": true,
          "unique": true,
          "notNull": true,
          "increment": true,
          "comment": "",
          "id": "6e48nhuEWToT3n95ZseQg"
        },
        {
          "id": "ZPzm4Hfy0gzf0Mmllhrgr",
          "name": "ITEM_FLAG",
          "type": "CHAR",
          "default": "",
          "check": "",
          "primary": false,
          "unique": false,
          "notNull": false,
          "increment": false,
          "comment": "",
          "size": 1
        },
        {
          "id": "Sg_BUkpAAKwZTpXt1ap8d",
          "name": "ITEM_CATEGORIA",
          "type": "VARCHAR",
          "default": "",
          "check": "",
          "primary": false,
          "unique": false,
          "notNull": false,
          "increment": false,
          "comment": "",
          "size": 50
        },
        {
          "id": "MOzGslKGFauM02AlLvtgc",
          "name": "ITEM_DESCRICAO",
          "type": "VARCHAR",
          "default": "",
          "check": "",
          "primary": false,
          "unique": false,
          "notNull": false,
          "increment": false,
          "comment": "",
          "size": 200
        },
        {
          "id": "Qd3Gvnhr5sqORpY05RXT7",
          "name": "ITEM_UNIDADE",
          "type": "CHAR",
          "default": "",
          "check": "",
          "primary": false,
          "unique": false,
          "notNull": false,
          "increment": false,
          "comment": "",
          "size": 2
        },
        {
          "id": "UOWKoS078-plLdgeCXKXc",
          "name": "ITEM_PRECOCOMPRA",
          "type": "DECIMAL",
          "default": "",
          "check": "",
          "primary": false,
          "unique": false,
          "notNull": false,
          "increment": false,
          "comment": "",
          "size": "15,4"
        },
        {
          "id": "y3XhdmrG7YEi_HKaNSkaG",
          "name": "ITEM_PRECOVENDA",
          "type": "DECIMAL",
          "default": "",
          "check": "",
          "primary": false,
          "unique": false,
          "notNull": false,
          "increment": false,
          "comment": "",
          "size": "15,4"
        },
        {
          "id": "OJiO4-jUIO__dAIb99YOq",
          "name": "ITEM_ESTOQUE",
          "type": "DECIMAL",
          "default": "",
          "check": "",
          "primary": false,
          "unique": false,
          "notNull": false,
          "increment": false,
          "comment": "",
          "size": "15,4"
        },
        {
          "id": "26XRzcafuja0VvMhxD0Tr",
          "name": "ITEM_STATUS",
          "type": "CHAR",
          "default": "",
          "check": "",
          "primary": false,
          "unique": false,
          "notNull": false,
          "increment": false,
          "comment": "",
          "size": 1
        },
        {
          "id": "fheAENLbUYJNfR7tkaUev",
          "name": "ITEM_DATACAD",
          "type": "DATE",
          "default": "",
          "check": "",
          "primary": false,
          "unique": false,
          "notNull": false,
          "increment": false,
          "comment": "",
          "size": "",
          "values": []
        },
        {
          "id": "dMVWPfaDDgqSTBaTaqYLj",
          "name": "REGISTRO_STATUS",
          "type": "CHAR",
          "default": "",
          "check": "",
          "primary": false,
          "unique": false,
          "notNull": false,
          "increment": false,
          "comment": "",
          "size": 1
        }
      ],
      "comment": "",
      "indices": [],
      "color": "#175e7a"
    }
  ],
  "database": "mariadb",
  "relationships": [],
  "notes": [],
  "subjectAreas": [],
  "custom": 1,
  "id": 7
}